{"cameraMode":{"drawMode":0,"name":"Shaded","section":"Shading Mode"},"sceneLighting":true,"audioPlay":false,"sceneViewState":{"m_AlwaysRefresh":false,"showFog":true,"showSkybox":true,"showFlares":true,"showImageEffects":true,"showParticleSystems":true,"showVisualEffectGraphs":true,"m_FxEnabled":true},"in2DMode":false,"pivot":{"x":300.10382080078127,"y":84.93781280517578,"z":-303.1632995605469},"rotation":{"x":-0.05066058784723282,"y":0.017970817163586618,"z":0.0009114848799072206,"w":0.9985557198524475},"size":6.633231163024902,"orthographic":false}